<?xml version="1.0" encoding="UTF-8"?>
<mxfile host="app.diagrams.net" modified="2024-05-27T14:01:41.589Z" agent="Mozilla/5.0 (Windows NT 10.0; Win64; x64) AppleWebKit/537.36 (KHTML, like Gecko) Chrome/125.0.0.0 Safari/537.36" etag="h13eSL1I-fJuFYDdj433" version="24.4.9" type="google">
  <diagram name="Σελίδα-1" id="TbICe6n0kUmWnRbfMMLY">
    <mxGraphModel dx="1050" dy="522" grid="1" gridSize="10" guides="1" tooltips="1" connect="1" arrows="1" fold="1" page="1" pageScale="1" pageWidth="1169" pageHeight="826" math="0" shadow="0">
      <root>
        <mxCell id="0" />
        <mxCell id="1" parent="0" />
        <mxCell id="Gn8pfKlPn6w13n4zPXEt-8" value="User Interface" style="swimlane;fontStyle=0;childLayout=stackLayout;horizontal=1;startSize=26;fillColor=none;horizontalStack=0;resizeParent=1;resizeParentMax=0;resizeLast=0;collapsible=1;marginBottom=0;whiteSpace=wrap;html=1;" vertex="1" parent="1">
          <mxGeometry x="180" y="50" width="140" height="390" as="geometry" />
        </mxCell>
        <mxCell id="Gn8pfKlPn6w13n4zPXEt-9" value="File1: FileInput" style="text;strokeColor=none;fillColor=none;align=left;verticalAlign=top;spacingLeft=4;spacingRight=4;overflow=hidden;rotatable=0;points=[[0,0.5],[1,0.5]];portConstraint=eastwest;whiteSpace=wrap;html=1;" vertex="1" parent="Gn8pfKlPn6w13n4zPXEt-8">
          <mxGeometry y="26" width="140" height="26" as="geometry" />
        </mxCell>
        <mxCell id="Gn8pfKlPn6w13n4zPXEt-10" value="File2: FileInput" style="text;strokeColor=none;fillColor=none;align=left;verticalAlign=top;spacingLeft=4;spacingRight=4;overflow=hidden;rotatable=0;points=[[0,0.5],[1,0.5]];portConstraint=eastwest;whiteSpace=wrap;html=1;" vertex="1" parent="Gn8pfKlPn6w13n4zPXEt-8">
          <mxGeometry y="52" width="140" height="26" as="geometry" />
        </mxCell>
        <mxCell id="Gn8pfKlPn6w13n4zPXEt-11" value="Method: SelectInput" style="text;strokeColor=none;fillColor=none;align=left;verticalAlign=top;spacingLeft=4;spacingRight=4;overflow=hidden;rotatable=0;points=[[0,0.5],[1,0.5]];portConstraint=eastwest;whiteSpace=wrap;html=1;" vertex="1" parent="Gn8pfKlPn6w13n4zPXEt-8">
          <mxGeometry y="78" width="140" height="26" as="geometry" />
        </mxCell>
        <mxCell id="Gn8pfKlPn6w13n4zPXEt-16" value="Classifier: SelectInput" style="text;strokeColor=none;fillColor=none;align=left;verticalAlign=top;spacingLeft=4;spacingRight=4;overflow=hidden;rotatable=0;points=[[0,0.5],[1,0.5]];portConstraint=eastwest;whiteSpace=wrap;html=1;" vertex="1" parent="Gn8pfKlPn6w13n4zPXEt-8">
          <mxGeometry y="104" width="140" height="26" as="geometry" />
        </mxCell>
        <mxCell id="Gn8pfKlPn6w13n4zPXEt-17" value="K: NumericInput" style="text;strokeColor=none;fillColor=none;align=left;verticalAlign=top;spacingLeft=4;spacingRight=4;overflow=hidden;rotatable=0;points=[[0,0.5],[1,0.5]];portConstraint=eastwest;whiteSpace=wrap;html=1;" vertex="1" parent="Gn8pfKlPn6w13n4zPXEt-8">
          <mxGeometry y="130" width="140" height="26" as="geometry" />
        </mxCell>
        <mxCell id="Gn8pfKlPn6w13n4zPXEt-18" value="Clustering: SelectInput" style="text;strokeColor=none;fillColor=none;align=left;verticalAlign=top;spacingLeft=4;spacingRight=4;overflow=hidden;rotatable=0;points=[[0,0.5],[1,0.5]];portConstraint=eastwest;whiteSpace=wrap;html=1;" vertex="1" parent="Gn8pfKlPn6w13n4zPXEt-8">
          <mxGeometry y="156" width="140" height="26" as="geometry" />
        </mxCell>
        <mxCell id="Gn8pfKlPn6w13n4zPXEt-19" value="K_Clusters:NumericInput" style="text;strokeColor=none;fillColor=none;align=left;verticalAlign=top;spacingLeft=4;spacingRight=4;overflow=hidden;rotatable=0;points=[[0,0.5],[1,0.5]];portConstraint=eastwest;whiteSpace=wrap;html=1;" vertex="1" parent="Gn8pfKlPn6w13n4zPXEt-8">
          <mxGeometry y="182" width="140" height="26" as="geometry" />
        </mxCell>
        <mxCell id="Gn8pfKlPn6w13n4zPXEt-20" value="Plot:ActionButton" style="text;strokeColor=none;fillColor=none;align=left;verticalAlign=top;spacingLeft=4;spacingRight=4;overflow=hidden;rotatable=0;points=[[0,0.5],[1,0.5]];portConstraint=eastwest;whiteSpace=wrap;html=1;" vertex="1" parent="Gn8pfKlPn6w13n4zPXEt-8">
          <mxGeometry y="208" width="140" height="26" as="geometry" />
        </mxCell>
        <mxCell id="Gn8pfKlPn6w13n4zPXEt-21" value="Classify:ActionButton" style="text;strokeColor=none;fillColor=none;align=left;verticalAlign=top;spacingLeft=4;spacingRight=4;overflow=hidden;rotatable=0;points=[[0,0.5],[1,0.5]];portConstraint=eastwest;whiteSpace=wrap;html=1;" vertex="1" parent="Gn8pfKlPn6w13n4zPXEt-8">
          <mxGeometry y="234" width="140" height="26" as="geometry" />
        </mxCell>
        <mxCell id="Gn8pfKlPn6w13n4zPXEt-22" value="Cluster:ActionButton" style="text;strokeColor=none;fillColor=none;align=left;verticalAlign=top;spacingLeft=4;spacingRight=4;overflow=hidden;rotatable=0;points=[[0,0.5],[1,0.5]];portConstraint=eastwest;whiteSpace=wrap;html=1;" vertex="1" parent="Gn8pfKlPn6w13n4zPXEt-8">
          <mxGeometry y="260" width="140" height="26" as="geometry" />
        </mxCell>
        <mxCell id="Gn8pfKlPn6w13n4zPXEt-23" value="Output$Contents:RenderTable" style="text;strokeColor=none;fillColor=none;align=left;verticalAlign=top;spacingLeft=4;spacingRight=4;overflow=hidden;rotatable=0;points=[[0,0.5],[1,0.5]];portConstraint=eastwest;whiteSpace=wrap;html=1;" vertex="1" parent="Gn8pfKlPn6w13n4zPXEt-8">
          <mxGeometry y="286" width="140" height="26" as="geometry" />
        </mxCell>
        <mxCell id="Gn8pfKlPn6w13n4zPXEt-24" value="Output$Plot2D:RenderPlotly" style="text;strokeColor=none;fillColor=none;align=left;verticalAlign=top;spacingLeft=4;spacingRight=4;overflow=hidden;rotatable=0;points=[[0,0.5],[1,0.5]];portConstraint=eastwest;whiteSpace=wrap;html=1;" vertex="1" parent="Gn8pfKlPn6w13n4zPXEt-8">
          <mxGeometry y="312" width="140" height="26" as="geometry" />
        </mxCell>
        <mxCell id="Gn8pfKlPn6w13n4zPXEt-25" value="Output$ClassificationResult:RenderPrint" style="text;strokeColor=none;fillColor=none;align=left;verticalAlign=top;spacingLeft=4;spacingRight=4;overflow=hidden;rotatable=0;points=[[0,0.5],[1,0.5]];portConstraint=eastwest;whiteSpace=wrap;html=1;" vertex="1" parent="Gn8pfKlPn6w13n4zPXEt-8">
          <mxGeometry y="338" width="140" height="26" as="geometry" />
        </mxCell>
        <mxCell id="Gn8pfKlPn6w13n4zPXEt-26" value="Output$ClusteringResult:RenderPlot" style="text;strokeColor=none;fillColor=none;align=left;verticalAlign=top;spacingLeft=4;spacingRight=4;overflow=hidden;rotatable=0;points=[[0,0.5],[1,0.5]];portConstraint=eastwest;whiteSpace=wrap;html=1;" vertex="1" parent="Gn8pfKlPn6w13n4zPXEt-8">
          <mxGeometry y="364" width="140" height="26" as="geometry" />
        </mxCell>
        <mxCell id="Gn8pfKlPn6w13n4zPXEt-12" value="Server" style="swimlane;fontStyle=1;align=center;verticalAlign=top;childLayout=stackLayout;horizontal=1;startSize=26;horizontalStack=0;resizeParent=1;resizeParentMax=0;resizeLast=0;collapsible=1;marginBottom=0;whiteSpace=wrap;html=1;" vertex="1" parent="1">
          <mxGeometry x="460" y="50" width="160" height="294" as="geometry" />
        </mxCell>
        <mxCell id="Gn8pfKlPn6w13n4zPXEt-13" value="Data() : Reactive" style="text;strokeColor=none;fillColor=none;align=left;verticalAlign=top;spacingLeft=4;spacingRight=4;overflow=hidden;rotatable=0;points=[[0,0.5],[1,0.5]];portConstraint=eastwest;whiteSpace=wrap;html=1;" vertex="1" parent="Gn8pfKlPn6w13n4zPXEt-12">
          <mxGeometry y="26" width="160" height="26" as="geometry" />
        </mxCell>
        <mxCell id="Gn8pfKlPn6w13n4zPXEt-14" value="" style="line;strokeWidth=1;fillColor=none;align=left;verticalAlign=middle;spacingTop=-1;spacingLeft=3;spacingRight=3;rotatable=0;labelPosition=right;points=[];portConstraint=eastwest;strokeColor=inherit;" vertex="1" parent="Gn8pfKlPn6w13n4zPXEt-12">
          <mxGeometry y="52" width="160" height="8" as="geometry" />
        </mxCell>
        <mxCell id="Gn8pfKlPn6w13n4zPXEt-15" value="Output$Contents:RenderTable" style="text;strokeColor=none;fillColor=none;align=left;verticalAlign=top;spacingLeft=4;spacingRight=4;overflow=hidden;rotatable=0;points=[[0,0.5],[1,0.5]];portConstraint=eastwest;whiteSpace=wrap;html=1;" vertex="1" parent="Gn8pfKlPn6w13n4zPXEt-12">
          <mxGeometry y="60" width="160" height="26" as="geometry" />
        </mxCell>
        <mxCell id="Gn8pfKlPn6w13n4zPXEt-31" value="Output$Contents:RenderTable" style="text;strokeColor=none;fillColor=none;align=left;verticalAlign=top;spacingLeft=4;spacingRight=4;overflow=hidden;rotatable=0;points=[[0,0.5],[1,0.5]];portConstraint=eastwest;whiteSpace=wrap;html=1;" vertex="1" parent="Gn8pfKlPn6w13n4zPXEt-12">
          <mxGeometry y="86" width="160" height="26" as="geometry" />
        </mxCell>
        <mxCell id="Gn8pfKlPn6w13n4zPXEt-32" value="Output$Plot2D:RenderPlotly" style="text;strokeColor=none;fillColor=none;align=left;verticalAlign=top;spacingLeft=4;spacingRight=4;overflow=hidden;rotatable=0;points=[[0,0.5],[1,0.5]];portConstraint=eastwest;whiteSpace=wrap;html=1;" vertex="1" parent="Gn8pfKlPn6w13n4zPXEt-12">
          <mxGeometry y="112" width="160" height="26" as="geometry" />
        </mxCell>
        <mxCell id="Gn8pfKlPn6w13n4zPXEt-33" value="Output$ClassificationResult:RenderPrint" style="text;strokeColor=none;fillColor=none;align=left;verticalAlign=top;spacingLeft=4;spacingRight=4;overflow=hidden;rotatable=0;points=[[0,0.5],[1,0.5]];portConstraint=eastwest;whiteSpace=wrap;html=1;" vertex="1" parent="Gn8pfKlPn6w13n4zPXEt-12">
          <mxGeometry y="138" width="160" height="26" as="geometry" />
        </mxCell>
        <mxCell id="Gn8pfKlPn6w13n4zPXEt-34" value="Output$ClusteringResult:RenderPlot" style="text;strokeColor=none;fillColor=none;align=left;verticalAlign=top;spacingLeft=4;spacingRight=4;overflow=hidden;rotatable=0;points=[[0,0.5],[1,0.5]];portConstraint=eastwest;whiteSpace=wrap;html=1;" vertex="1" parent="Gn8pfKlPn6w13n4zPXEt-12">
          <mxGeometry y="164" width="160" height="26" as="geometry" />
        </mxCell>
        <mxCell id="Gn8pfKlPn6w13n4zPXEt-35" value="Load_data(File): Data" style="text;strokeColor=none;fillColor=none;align=left;verticalAlign=top;spacingLeft=4;spacingRight=4;overflow=hidden;rotatable=0;points=[[0,0.5],[1,0.5]];portConstraint=eastwest;whiteSpace=wrap;html=1;" vertex="1" parent="Gn8pfKlPn6w13n4zPXEt-12">
          <mxGeometry y="190" width="160" height="26" as="geometry" />
        </mxCell>
        <mxCell id="Gn8pfKlPn6w13n4zPXEt-36" value="Plot2D(method,data):Plot" style="text;strokeColor=none;fillColor=none;align=left;verticalAlign=top;spacingLeft=4;spacingRight=4;overflow=hidden;rotatable=0;points=[[0,0.5],[1,0.5]];portConstraint=eastwest;whiteSpace=wrap;html=1;" vertex="1" parent="Gn8pfKlPn6w13n4zPXEt-12">
          <mxGeometry y="216" width="160" height="26" as="geometry" />
        </mxCell>
        <mxCell id="Gn8pfKlPn6w13n4zPXEt-37" value="&lt;div&gt;Classify_data(classifier, k, data:Result&lt;/div&gt;&lt;div&gt;&lt;div&gt;&lt;br&gt;&lt;/div&gt;&lt;/div&gt;" style="text;strokeColor=none;fillColor=none;align=left;verticalAlign=top;spacingLeft=4;spacingRight=4;overflow=hidden;rotatable=0;points=[[0,0.5],[1,0.5]];portConstraint=eastwest;whiteSpace=wrap;html=1;" vertex="1" parent="Gn8pfKlPn6w13n4zPXEt-12">
          <mxGeometry y="242" width="160" height="26" as="geometry" />
        </mxCell>
        <mxCell id="Gn8pfKlPn6w13n4zPXEt-38" value="Clustering_data(clustering,k_clusters,data):Plot&lt;div&gt;&lt;br&gt;&lt;/div&gt;" style="text;strokeColor=none;fillColor=none;align=left;verticalAlign=top;spacingLeft=4;spacingRight=4;overflow=hidden;rotatable=0;points=[[0,0.5],[1,0.5]];portConstraint=eastwest;whiteSpace=wrap;html=1;" vertex="1" parent="Gn8pfKlPn6w13n4zPXEt-12">
          <mxGeometry y="268" width="160" height="26" as="geometry" />
        </mxCell>
        <mxCell id="Gn8pfKlPn6w13n4zPXEt-28" value="" style="endArrow=open;endFill=1;endSize=12;html=1;rounded=0;" edge="1" parent="1">
          <mxGeometry width="160" relative="1" as="geometry">
            <mxPoint x="320" y="60" as="sourcePoint" />
            <mxPoint x="460" y="60" as="targetPoint" />
          </mxGeometry>
        </mxCell>
      </root>
    </mxGraphModel>
  </diagram>
</mxfile>
